0,Franas,100000.000000,55,programador
1,Pablo,32000.000000,45,programador
8,Sofia,150000.000000,36,programador
